date,year,month,day,plot,trt,rep,hor,netno3,netnh4,daysincu
3/28/2008,2008,3,28,21,N,3,organic,0,-54.45,25
3/28/2008,2008,3,28,12,C,2,mineral,0,-48.83,25
5/16/2007,2007,5,16,16,N,2,organic,0,-46.29,27
1/28/2009,2009,1,28,16,N,2,organic,-3.85,-29.2,26
3/28/2008,2008,3,28,20,C,6,organic,0,-25.83,25
2/28/2008,2008,2,28,17,HN,4,organic,0,-21.65,29
1/28/2009,2009,1,28,2,H,3,organic,-2.59,-20.31,26
5/16/2007,2007,5,16,11,N,4,organic,0,-19.2,27
5/16/2007,2007,5,16,23,N,6,organic,0,-17.43,27
2/28/2008,2008,2,28,11,N,4,organic,3.82,-16.58,29
5/16/2007,2007,5,16,6,N,1,organic,0,-15.96,27
1/28/2009,2009,1,28,20,C,6,mineral,-2.74,-14.88,26
5/16/2007,2007,5,16,1,C,4,organic,0,-14.21,27
5/16/2007,2007,5,16,21,N,3,organic,0,-14.01,27
1/28/2009,2009,1,28,17,HN,4,organic,-1.96,-12.26,26
1/28/2009,2009,1,28,7,HN,5,mineral,-1.06,-12.02,26
1/16/2008,2008,1,16,22,H,6,organic,0,-11.87,43
4/27/2009,2009,4,27,12,C,2,organic,0,-11.48,23
1/28/2009,2009,1,28,18,H,4,mineral,-0.99,-11.11,26
1/28/2009,2009,1,28,17,HN,4,mineral,-1.11,-10.72,26
1/28/2009,2009,1,28,11,N,4,mineral,-0.93,-10.15,26
3/28/2008,2008,3,28,22,H,6,organic,0,-9.92,25
1/28/2009,2009,1,28,19,C,5,organic,-3.08,-9.46,26
1/28/2009,2009,1,28,5,H,5,mineral,-0.93,-9.34,26
5/16/2007,2007,5,16,9,N,5,organic,0,-9.3,27
1/28/2009,2009,1,28,22,H,6,organic,0,-9.05,26
2/23/2009,2009,2,23,16,N,2,organic,0,-9.04,30
1/28/2009,2009,1,28,8,H,2,organic,-1.74,-9.03,26
2/28/2008,2008,2,28,24,C,1,organic,0,-9.02,29
2/28/2008,2008,2,28,9,N,5,organic,0,-8.4,29
2/28/2008,2008,2,28,18,H,4,organic,0,-8.19,29
1/28/2009,2009,1,28,6,N,1,organic,0,-8.12,26
1/28/2009,2009,1,28,4,HN,3,organic,-2.43,-7.2,26
5/16/2007,2007,5,16,8,H,2,organic,0,-7.07,27
6/12/2007,2007,6,12,11,N,4,organic,0,-6.97,29
1/28/2009,2009,1,28,18,H,4,organic,-1.92,-6.3,26
11/2/2007,2007,11,2,1,C,4,organic,-0.37,-6.26,40
1/28/2009,2009,1,28,1,C,4,mineral,-0.92,-6.21,26
1/28/2009,2009,1,28,21,N,3,mineral,-2.34,-6.04,26
2/28/2008,2008,2,28,5,H,5,organic,0,-5.99,29
2/28/2008,2008,2,28,3,HN,6,organic,0,-5.89,29
1/28/2009,2009,1,28,19,C,5,mineral,-0.98,-5.62,26
1/28/2009,2009,1,28,12,C,2,mineral,0,-5.32,26
2/28/2008,2008,2,28,20,C,6,mineral,0,-5.28,29
12/12/2007,2007,12,12,23,N,6,organic,0,-5.22,35
5/16/2007,2007,5,16,12,C,2,mineral,0,-5.15,27
1/28/2009,2009,1,28,12,C,2,organic,-2.52,-4.85,26
1/28/2009,2009,1,28,3,HN,6,organic,0,-4.84,26
2/28/2008,2008,2,28,1,C,4,organic,0,-4.7,29
2/28/2008,2008,2,28,20,C,6,organic,0,-4.65,29
2/28/2008,2008,2,28,3,HN,6,mineral,0,-4.61,29
1/28/2009,2009,1,28,16,N,2,mineral,0,-4.49,26
2/28/2008,2008,2,28,13,H,1,organic,0,-4.34,29
2/28/2008,2008,2,28,23,N,6,organic,0,-4.25,29
5/16/2007,2007,5,16,17,HN,4,organic,0,-4.24,27
1/28/2009,2009,1,28,14,C,3,organic,-2.39,-4.22,26
1/28/2009,2009,1,28,21,N,3,organic,-1.68,-3.93,26
1/28/2009,2009,1,28,15,HN,2,organic,-1.48,-3.88,26
1/28/2009,2009,1,28,15,HN,2,mineral,0,-3.79,26
2/28/2008,2008,2,28,19,C,5,mineral,0,-3.65,29
1/28/2009,2009,1,28,2,H,3,mineral,0,-3.59,26
1/28/2009,2009,1,28,20,C,6,organic,0,-3.53,26
12/12/2007,2007,12,12,16,N,2,organic,0,-3.48,35
2/28/2008,2008,2,28,8,H,2,organic,0,-3.4,29
1/28/2009,2009,1,28,13,H,1,organic,-1.55,-3.32,26
1/28/2009,2009,1,28,5,H,5,organic,-1.39,-3.31,26
1/28/2009,2009,1,28,14,C,3,mineral,0,-3.3,26
3/28/2008,2008,3,28,8,H,2,organic,0,-3.19,25
10/10/2007,2007,10,10,23,N,6,organic,0,-3.18,23
12/12/2007,2007,12,12,17,HN,4,mineral,0,-2.9,35
1/28/2009,2009,1,28,4,HN,3,mineral,0,-2.81,26
5/16/2007,2007,5,16,24,C,1,organic,0,-2.72,27
2/28/2008,2008,2,28,11,N,4,mineral,2.04,-2.57,29
2/23/2009,2009,2,23,17,HN,4,organic,0,-2.38,30
5/16/2007,2007,5,16,20,C,6,mineral,0,-2.3,27
1/28/2009,2009,1,28,6,N,1,mineral,0,-2.15,26
3/28/2008,2008,3,28,23,N,6,organic,0,-2.11,25
2/28/2008,2008,2,28,18,H,4,mineral,0,-2.02,29
2/23/2009,2009,2,23,21,N,3,organic,0,-1.96,30
2/28/2008,2008,2,28,22,H,6,mineral,0,-1.95,29
1/28/2009,2009,1,28,8,H,2,mineral,0,-1.89,26
2/28/2008,2008,2,28,22,H,6,mineral,0,-1.8,29
12/12/2007,2007,12,12,17,HN,4,organic,0,-1.76,35
1/28/2009,2009,1,28,3,HN,6,mineral,0.09,-1.75,26
9/25/2008,2008,9,25,12,C,2,mineral,0,-1.69,18
2/28/2008,2008,2,28,22,H,6,organic,0,-1.67,29
1/28/2009,2009,1,28,13,H,1,mineral,0,-1.52,26
2/28/2008,2008,2,28,21,N,3,mineral,0,-1.43,29
1/28/2009,2009,1,28,10,HN,1,mineral,0,-1.34,26
2/28/2008,2008,2,28,7,HN,5,organic,0,-1.33,29
12/12/2007,2007,12,12,11,N,4,mineral,0,-1.31,35
3/28/2008,2008,3,28,6,N,1,mineral,0,-1.28,25
3/28/2008,2008,3,28,5,H,5,organic,0,-1.23,25
11/2/2007,2007,11,2,24,C,1,mineral,1.34,-1.19,40
11/2/2007,2007,11,2,19,C,5,mineral,0.15,-1.17,40
2/28/2008,2008,2,28,8,H,2,mineral,0,-1.15,29
3/28/2008,2008,3,28,19,C,5,organic,0,-1.14,25
2/28/2008,2008,2,28,7,HN,5,mineral,0,-1.09,29
2/28/2008,2008,2,28,17,HN,4,mineral,0,-1.04,29
5/16/2007,2007,5,16,8,H,2,mineral,0,-1.03,27
5/16/2007,2007,5,16,18,H,4,mineral,9.3,-1.03,27
2/23/2009,2009,2,23,15,HN,2,organic,0,-1.01,30
2/23/2009,2009,2,23,10,HN,1,mineral,0,-0.99,30
3/28/2008,2008,3,28,6,N,1,organic,0,-0.82,25
2/28/2008,2008,2,28,4,HN,3,mineral,0,-0.81,29
3/28/2008,2008,3,28,3,HN,6,organic,0,-0.76,25
11/2/2007,2007,11,2,15,HN,2,organic,-0.95,-0.74,40
2/28/2008,2008,2,28,12,C,2,mineral,0,-0.6,29
1/28/2009,2009,1,28,7,HN,5,organic,-2.32,-0.45,26
2/28/2008,2008,2,28,1,C,4,mineral,0,-0.43,29
12/12/2007,2007,12,12,22,H,6,organic,0,-0.4,35
1/28/2009,2009,1,28,11,N,4,organic,-1.37,-0.39,26
12/12/2007,2007,12,12,9,N,5,mineral,0,-0.37,35
10/13/2008,2008,10,13,14,C,3,organic,0,-0.33,63
2/28/2008,2008,2,28,23,N,6,mineral,0,-0.23,29
2/28/2008,2008,2,28,20,C,6,mineral,0,-0.22,29
12/12/2007,2007,12,12,18,H,4,mineral,1.66,-0.2,35
12/12/2007,2007,12,12,14,C,3,organic,0,-0.18,35
11/2/2007,2007,11,2,19,C,5,organic,-0.69,-0.07,40
3/28/2008,2008,3,28,1,C,4,organic,0,-0.05,25
9/10/2007,2007,9,10,9,N,5,organic,0,-0.02,30
12/12/2007,2007,12,12,15,HN,2,mineral,0.97,-0.01,35
6/14/2006,2006,6,14,18,H,4,mineral,0,0,34
7/18/2006,2006,7,18,17,HN,4,organic,0,0,36
7/18/2006,2006,7,18,18,H,4,organic,0,0,36
8/23/2006,2006,8,23,7,HN,5,organic,0,0,42
8/23/2006,2006,8,23,12,C,2,organic,0,0,42
8/23/2006,2006,8,23,14,C,3,organic,0,0,42
8/23/2006,2006,8,23,20,C,6,mineral,0.79,0,42
8/23/2006,2006,8,23,20,C,6,organic,0,0,42
8/23/2006,2006,8,23,23,N,6,mineral,0,0,42
10/4/2006,2006,10,4,8,H,2,mineral,0,0,33
10/4/2006,2006,10,4,8,H,2,organic,0,0,33
10/4/2006,2006,10,4,12,C,2,mineral,0,0,33
10/4/2006,2006,10,4,14,C,3,mineral,0,0,33
10/4/2006,2006,10,4,14,C,3,organic,0,0,33
10/4/2006,2006,10,4,16,N,2,organic,0,0,33
10/4/2006,2006,10,4,20,C,6,mineral,0,0,33
10/4/2006,2006,10,4,23,N,6,organic,0,0,33
10/4/2006,2006,10,4,24,C,1,mineral,0,0,33
10/4/2006,2006,10,4,24,C,1,organic,0,0,33
3/28/2008,2008,3,28,8,H,2,mineral,0,0,25
3/28/2008,2008,3,28,20,C,6,mineral,0,0,25
10/13/2008,2008,10,13,12,C,2,mineral,0,0,63
2/23/2009,2009,2,23,2,H,3,mineral,0,0,30
2/23/2009,2009,2,23,4,HN,3,mineral,0,0,30
2/23/2009,2009,2,23,5,H,5,mineral,0,0,30
2/23/2009,2009,2,23,6,N,1,mineral,0,0,30
2/23/2009,2009,2,23,7,HN,5,mineral,0,0,30
2/23/2009,2009,2,23,8,H,2,mineral,0,0,30
2/23/2009,2009,2,23,8,H,2,organic,0,0,30
2/23/2009,2009,2,23,11,N,4,mineral,0,0,30
2/23/2009,2009,2,23,13,H,1,mineral,0,0,30
2/23/2009,2009,2,23,14,C,3,organic,0,0,30
2/23/2009,2009,2,23,16,N,2,mineral,0,0,30
2/23/2009,2009,2,23,17,HN,4,mineral,0,0,30
2/23/2009,2009,2,23,18,H,4,mineral,0,0,30
2/23/2009,2009,2,23,21,N,3,mineral,0,0,30
3/25/2009,2009,3,25,14,C,3,mineral,0,0,33
12/12/2007,2007,12,12,8,H,2,mineral,0,0.07,35
2/28/2008,2008,2,28,24,C,1,mineral,0,0.1,29
10/13/2008,2008,10,13,19,C,5,organic,0,0.18,63
4/27/2009,2009,4,27,12,C,2,mineral,0,0.2,23
12/12/2007,2007,12,12,1,C,4,mineral,0,0.21,35
2/28/2008,2008,2,28,2,H,3,mineral,0,0.29,29
12/12/2007,2007,12,12,12,C,2,organic,0,0.35,35
3/28/2008,2008,3,28,5,H,5,mineral,0,0.36,25
9/25/2008,2008,9,25,9,N,5,mineral,0,0.45,18
12/12/2007,2007,12,12,16,N,2,mineral,0,0.48,35
10/13/2008,2008,10,13,20,C,6,mineral,0,0.48,63
2/23/2009,2009,2,23,18,H,4,organic,0,0.53,30
3/28/2008,2008,3,28,10,HN,1,organic,0,0.54,25
8/25/2008,2008,8,25,1,C,4,organic,0,0.57,31
10/13/2008,2008,10,13,12,C,2,organic,0,0.6,63
11/2/2007,2007,11,2,16,N,2,mineral,1.51,0.62,40
10/4/2006,2006,10,4,12,C,2,organic,0,0.67,33
2/23/2009,2009,2,23,1,C,4,mineral,0,0.67,30
5/16/2007,2007,5,16,24,C,1,mineral,0,0.73,27
3/28/2008,2008,3,28,1,C,4,mineral,0,0.73,25
11/2/2007,2007,11,2,12,C,2,mineral,2.94,0.76,40
3/28/2008,2008,3,28,18,H,4,mineral,0,0.78,25
1/28/2009,2009,1,28,22,H,6,mineral,0,0.82,26
6/12/2007,2007,6,12,18,H,4,mineral,1.06,0.83,29
12/12/2007,2007,12,12,15,HN,2,organic,0,0.83,35
3/28/2008,2008,3,28,2,H,3,mineral,0,0.83,25
11/2/2007,2007,11,2,1,C,4,mineral,1.1,0.87,40
11/2/2007,2007,11,2,20,C,6,mineral,-0.12,0.97,40
10/13/2008,2008,10,13,14,C,3,mineral,0,0.97,63
9/25/2008,2008,9,25,1,C,4,organic,0,0.99,18
3/28/2008,2008,3,28,21,N,3,mineral,0,1.12,25
3/28/2008,2008,3,28,24,C,1,mineral,0,1.12,25
5/29/2008,2008,5,29,11,N,4,mineral,0,1.12,25
11/2/2007,2007,11,2,12,C,2,organic,-1.54,1.14,40
2/23/2009,2009,2,23,19,C,5,organic,0,1.15,30
9/25/2008,2008,9,25,20,C,6,mineral,0,1.22,18
9/25/2008,2008,9,25,15,HN,2,mineral,0,1.25,18
11/2/2007,2007,11,2,11,N,4,mineral,1.21,1.29,40
2/28/2008,2008,2,28,23,N,6,mineral,0,1.3,29
1/28/2009,2009,1,28,10,HN,1,organic,0,1.33,26
3/25/2009,2009,3,25,23,N,6,mineral,-0.31,1.33,33
2/23/2009,2009,2,23,19,C,5,mineral,0,1.34,30
3/28/2008,2008,3,28,17,HN,4,organic,0,1.35,25
9/10/2007,2007,9,10,2,H,3,mineral,0,1.36,30
10/10/2007,2007,10,10,16,N,2,mineral,0,1.41,23
10/13/2008,2008,10,13,8,H,2,mineral,0,1.41,63
3/28/2008,2008,3,28,13,H,1,organic,0,1.43,25
8/25/2008,2008,8,25,8,H,2,mineral,0,1.45,31
2/23/2009,2009,2,23,13,H,1,organic,0,1.52,30
12/12/2007,2007,12,12,5,H,5,mineral,0,1.54,35
2/28/2008,2008,2,28,12,C,2,organic,0,1.55,29
3/28/2008,2008,3,28,3,HN,6,mineral,0,1.56,25
10/13/2008,2008,10,13,19,C,5,mineral,0,1.61,63
3/28/2008,2008,3,28,10,HN,1,mineral,0,1.63,25
12/12/2007,2007,12,12,8,H,2,organic,0,1.66,35
12/12/2007,2007,12,12,19,C,5,organic,0,1.66,35
5/16/2007,2007,5,16,2,H,3,organic,0,1.71,27
11/2/2007,2007,11,2,18,H,4,mineral,-0.31,1.72,40
12/12/2007,2007,12,12,7,HN,5,mineral,0,1.72,35
10/10/2007,2007,10,10,9,N,5,mineral,0,1.75,23
3/28/2008,2008,3,28,4,HN,3,mineral,0,1.78,25
3/28/2008,2008,3,28,9,N,5,mineral,0,1.78,25
5/29/2008,2008,5,29,19,C,5,mineral,0,1.83,25
9/25/2008,2008,9,25,23,N,6,mineral,0,1.83,18
1/28/2009,2009,1,28,1,C,4,organic,-1.63,1.83,26
3/28/2008,2008,3,28,7,HN,5,mineral,0,1.87,25
3/28/2008,2008,3,28,19,C,5,mineral,0,1.89,25
3/28/2008,2008,3,28,9,N,5,organic,0,1.9,25
3/28/2008,2008,3,28,2,H,3,organic,0,1.94,25
4/27/2009,2009,4,27,18,H,4,mineral,0,2.01,23
3/28/2008,2008,3,28,13,H,1,mineral,0,2.04,25
10/4/2006,2006,10,4,19,C,5,organic,0,2.06,33
11/2/2007,2007,11,2,21,N,3,mineral,0.48,2.06,40
3/28/2008,2008,3,28,22,H,6,mineral,0,2.07,25
4/22/2008,2008,4,22,23,N,6,organic,0,2.07,37
3/28/2008,2008,3,28,23,N,6,mineral,0,2.09,25
9/25/2008,2008,9,25,16,N,2,mineral,0,2.15,18
9/25/2008,2008,9,25,19,C,5,mineral,0,2.16,18
10/4/2006,2006,10,4,6,N,1,mineral,0,2.17,33
8/25/2008,2008,8,25,11,N,4,organic,0,2.17,31
4/27/2009,2009,4,27,18,H,4,organic,1.08,2.18,23
9/25/2008,2008,9,25,24,C,1,mineral,0,2.19,18
10/10/2007,2007,10,10,21,N,3,mineral,0,2.24,23
2/23/2009,2009,2,23,14,C,3,mineral,0,2.33,30
3/25/2009,2009,3,25,12,C,2,mineral,0,2.39,33
3/25/2009,2009,3,25,20,C,6,mineral,0,2.4,33
7/18/2006,2006,7,18,21,N,3,mineral,1.27,2.41,36
10/10/2007,2007,10,10,10,HN,1,mineral,0,2.41,23
8/25/2008,2008,8,25,2,H,3,mineral,0,2.47,31
9/25/2008,2008,9,25,6,N,1,organic,0,2.49,18
10/10/2007,2007,10,10,12,C,2,mineral,4.65,2.53,23
9/25/2008,2008,9,25,21,N,3,organic,3.56,2.61,18
11/2/2007,2007,11,2,14,C,3,mineral,1.33,2.65,40
11/2/2007,2007,11,2,17,HN,4,mineral,0.26,2.67,40
10/10/2007,2007,10,10,9,N,5,organic,0,2.71,23
3/25/2009,2009,3,25,19,C,5,mineral,0,2.75,33
7/24/2008,2008,7,24,12,C,2,mineral,0,2.76,32
2/23/2009,2009,2,23,20,C,6,mineral,0,2.76,30
12/12/2007,2007,12,12,21,N,3,organic,0,2.78,35
3/25/2009,2009,3,25,3,HN,6,mineral,0,2.84,33
5/16/2007,2007,5,16,23,N,6,mineral,0,2.85,27
12/12/2007,2007,12,12,19,C,5,mineral,0,2.85,35
4/22/2008,2008,4,22,19,C,5,mineral,0,2.85,37
9/10/2007,2007,9,10,8,H,2,mineral,0,2.89,30
3/25/2009,2009,3,25,18,H,4,mineral,0,2.91,33
4/27/2009,2009,4,27,16,N,2,organic,1.58,2.92,23
10/4/2006,2006,10,4,21,N,3,organic,0,2.93,33
5/16/2007,2007,5,16,10,HN,1,mineral,0,2.94,27
12/12/2007,2007,12,12,24,C,1,organic,1.54,2.96,35
10/13/2008,2008,10,13,21,N,3,mineral,0,2.96,63
5/29/2008,2008,5,29,6,N,1,mineral,1.92,2.97,25
10/4/2006,2006,10,4,20,C,6,organic,0,3,33
10/10/2007,2007,10,10,1,C,4,mineral,0.52,3.01,23
12/12/2007,2007,12,12,4,HN,3,mineral,0,3.03,35
5/16/2007,2007,5,16,2,H,3,mineral,0,3.09,27
7/11/2007,2007,7,11,19,C,5,mineral,0,3.09,35
11/2/2007,2007,11,2,16,N,2,organic,-0.34,3.1,40
10/13/2008,2008,10,13,7,HN,5,mineral,0,3.1,63
12/12/2007,2007,12,12,9,N,5,organic,0,3.13,35
8/25/2008,2008,8,25,12,C,2,mineral,0,3.13,31
10/10/2007,2007,10,10,23,N,6,mineral,0,3.14,23
10/10/2007,2007,10,10,18,H,4,mineral,9.52,3.16,23
11/2/2007,2007,11,2,6,N,1,mineral,2.15,3.17,40
11/2/2007,2007,11,2,15,HN,2,mineral,1.13,3.19,40
11/2/2007,2007,11,2,23,N,6,mineral,0.43,3.19,40
10/4/2006,2006,10,4,6,N,1,organic,0,3.2,33
2/23/2009,2009,2,23,4,HN,3,organic,0,3.25,30
5/16/2007,2007,5,16,1,C,4,mineral,0,3.27,27
9/25/2008,2008,9,25,6,N,1,mineral,0,3.31,18
10/13/2008,2008,10,13,1,C,4,mineral,0,3.32,63
9/25/2008,2008,9,25,21,N,3,mineral,0,3.38,18
3/25/2009,2009,3,25,16,N,2,mineral,0,3.38,33
10/13/2008,2008,10,13,6,N,1,mineral,1.22,3.42,63
5/16/2007,2007,5,16,4,HN,3,mineral,0,3.49,27
11/2/2007,2007,11,2,7,HN,5,mineral,0.13,3.49,40
10/10/2007,2007,10,10,20,C,6,organic,0,3.52,23
5/29/2008,2008,5,29,12,C,2,mineral,2.25,3.53,25
9/25/2008,2008,9,25,23,N,6,organic,0,3.55,18
4/27/2009,2009,4,27,10,HN,1,organic,1.58,3.64,23
4/27/2009,2009,4,27,16,N,2,mineral,0,3.65,23
2/23/2009,2009,2,23,22,H,6,organic,0,3.66,30
10/4/2006,2006,10,4,9,N,5,organic,0,3.68,33
5/16/2007,2007,5,16,16,N,2,mineral,0,3.69,27
2/23/2009,2009,2,23,7,HN,5,organic,0,3.7,30
9/25/2008,2008,9,25,13,H,1,mineral,0,3.73,18
10/13/2008,2008,10,13,23,N,6,mineral,0,3.73,63
4/22/2008,2008,4,22,12,C,2,mineral,0,3.75,37
3/25/2009,2009,3,25,21,N,3,mineral,0,3.76,33
2/28/2008,2008,2,28,10,HN,1,mineral,0,3.77,29
11/2/2007,2007,11,2,4,HN,3,mineral,1.56,3.84,40
10/13/2008,2008,10,13,9,N,5,mineral,0,3.85,63
2/28/2008,2008,2,28,13,H,1,mineral,0,3.87,29
4/27/2009,2009,4,27,14,C,3,mineral,0,3.87,23
8/25/2008,2008,8,25,1,C,4,mineral,0,3.89,31
11/2/2007,2007,11,2,9,N,5,organic,-0.18,3.93,40
2/28/2008,2008,2,28,14,C,3,organic,3.72,3.95,29
5/16/2007,2007,5,16,15,HN,2,mineral,0,4,27
2/23/2009,2009,2,23,3,HN,6,mineral,0,4,30
10/10/2007,2007,10,10,14,C,3,mineral,0,4.04,23
10/4/2006,2006,10,4,1,C,4,organic,0,4.11,33
12/12/2007,2007,12,12,12,C,2,mineral,0,4.11,35
3/25/2009,2009,3,25,6,N,1,mineral,0,4.22,33
12/12/2007,2007,12,12,22,H,6,mineral,0,4.26,35
9/25/2008,2008,9,25,9,N,5,organic,0,4.27,18
10/13/2008,2008,10,13,11,N,4,mineral,0,4.27,63
9/25/2008,2008,9,25,14,C,3,organic,0,4.29,18
7/24/2008,2008,7,24,15,HN,2,organic,-2.17,4.3,32
11/2/2007,2007,11,2,8,H,2,mineral,1.28,4.34,40
9/25/2008,2008,9,25,18,H,4,mineral,0,4.35,18
3/25/2009,2009,3,25,4,HN,3,mineral,0,4.5,33
10/13/2008,2008,10,13,15,HN,2,mineral,0,4.56,63
4/22/2008,2008,4,22,1,C,4,mineral,0,4.6,37
9/10/2007,2007,9,10,9,N,5,mineral,0,4.62,30
9/25/2008,2008,9,25,17,HN,4,mineral,0,4.62,18
7/24/2008,2008,7,24,15,HN,2,mineral,6.15,4.65,32
6/14/2006,2006,6,14,9,N,5,organic,2.62,4.73,34
8/15/2007,2007,8,15,12,C,2,mineral,13.02,4.74,26
9/10/2007,2007,9,10,16,N,2,mineral,0,4.77,30
9/10/2007,2007,9,10,1,C,4,mineral,0,4.87,30
5/16/2007,2007,5,16,21,N,3,mineral,0,4.89,27
8/15/2007,2007,8,15,11,N,4,mineral,12.61,4.9,26
5/29/2008,2008,5,29,14,C,3,mineral,0,4.91,25
8/25/2008,2008,8,25,18,H,4,mineral,0.75,4.92,31
10/10/2007,2007,10,10,20,C,6,mineral,0,4.94,23
10/10/2007,2007,10,10,8,H,2,mineral,0,4.97,23
7/18/2006,2006,7,18,17,HN,4,mineral,0,4.98,36
4/27/2009,2009,4,27,2,H,3,mineral,0,4.99,23
12/12/2007,2007,12,12,11,N,4,organic,0,5.06,35
10/10/2007,2007,10,10,24,C,1,mineral,0,5.07,23
11/2/2007,2007,11,2,4,HN,3,organic,0.66,5.11,40
10/10/2007,2007,10,10,15,HN,2,mineral,0,5.14,23
9/25/2008,2008,9,25,4,HN,3,mineral,0,5.23,18
1/16/2008,2008,1,16,23,N,6,organic,0,5.24,43
3/28/2008,2008,3,28,24,C,1,organic,0,5.29,25
2/23/2009,2009,2,23,22,H,6,mineral,0,5.31,30
11/2/2007,2007,11,2,5,H,5,mineral,0.1,5.45,40
3/25/2009,2009,3,25,7,HN,5,mineral,0,5.45,33
9/25/2008,2008,9,25,7,HN,5,mineral,0,5.46,18
12/12/2007,2007,12,12,2,H,3,mineral,0,5.48,35
9/25/2008,2008,9,25,8,H,2,mineral,0,5.53,18
9/10/2007,2007,9,10,17,HN,4,mineral,4.05,5.55,30
3/25/2009,2009,3,25,1,C,4,mineral,0,5.67,33
11/2/2007,2007,11,2,22,H,6,mineral,0.5,5.68,40
6/14/2006,2006,6,14,14,C,3,mineral,0,5.72,34
4/27/2009,2009,4,27,1,C,4,organic,1.6,5.72,23
10/10/2007,2007,10,10,3,HN,6,mineral,0,5.75,23
3/25/2009,2009,3,25,5,H,5,mineral,0,5.75,33
8/23/2006,2006,8,23,11,N,4,mineral,0,5.8,42
9/25/2008,2008,9,25,12,C,2,organic,0,5.8,18
4/27/2009,2009,4,27,6,N,1,organic,0,5.81,23
6/12/2007,2007,6,12,2,H,3,mineral,0,5.89,29
10/10/2007,2007,10,10,19,C,5,mineral,0,5.91,23
4/22/2008,2008,4,22,23,N,6,mineral,0,5.95,37
2/23/2009,2009,2,23,2,H,3,organic,0,5.96,30
9/25/2008,2008,9,25,11,N,4,mineral,0,6.01,18
8/25/2008,2008,8,25,18,H,4,organic,0,6.04,31
8/25/2008,2008,8,25,19,C,5,mineral,0,6.06,31
8/25/2008,2008,8,25,21,N,3,NA,0,6.07,31
3/25/2009,2009,3,25,6,N,1,organic,0,6.07,33
4/27/2009,2009,4,27,19,C,5,organic,1.66,6.13,23
2/28/2008,2008,2,28,15,HN,2,mineral,0,6.15,29
10/13/2008,2008,10,13,2,H,3,mineral,0,6.18,63
1/16/2008,2008,1,16,4,HN,3,mineral,0,6.19,43
2/28/2008,2008,2,28,15,HN,2,organic,0,6.23,29
10/10/2007,2007,10,10,7,HN,5,mineral,0,6.25,23
9/25/2008,2008,9,25,22,H,6,mineral,0,6.25,18
5/29/2008,2008,5,29,23,N,6,mineral,0,6.36,25
6/12/2007,2007,6,12,16,N,2,mineral,0,6.4,29
10/13/2008,2008,10,13,5,H,5,mineral,0,6.4,63
5/16/2007,2007,5,16,5,H,5,mineral,0,6.41,27
7/18/2006,2006,7,18,7,HN,5,organic,0.8,6.46,36
10/10/2007,2007,10,10,6,N,1,mineral,0,6.53,23
9/25/2008,2008,9,25,19,C,5,organic,0,6.53,18
9/25/2008,2008,9,25,16,N,2,organic,0,6.54,18
8/25/2008,2008,8,25,6,N,1,NA,0,6.58,31
6/12/2007,2007,6,12,13,H,1,mineral,0,6.64,29
2/23/2009,2009,2,23,10,HN,1,organic,0,6.64,30
3/25/2009,2009,3,25,8,H,2,mineral,0,6.75,33
11/2/2007,2007,11,2,2,H,3,mineral,1.04,6.77,40
5/29/2008,2008,5,29,23,N,6,organic,0,6.85,25
4/27/2009,2009,4,27,11,N,4,mineral,0,6.86,23
3/25/2009,2009,3,25,11,N,4,mineral,0,6.95,33
7/18/2006,2006,7,18,1,C,4,mineral,1.73,7.03,36
10/4/2006,2006,10,4,2,H,3,mineral,0,7.05,33
11/2/2007,2007,11,2,13,H,1,organic,-0.55,7.09,40
7/18/2006,2006,7,18,15,HN,2,mineral,3.69,7.14,36
3/25/2009,2009,3,25,16,N,2,organic,0,7.15,33
1/16/2008,2008,1,16,12,C,2,mineral,0,7.18,43
4/27/2009,2009,4,27,19,C,5,mineral,0,7.18,23
3/25/2009,2009,3,25,15,HN,2,mineral,0,7.22,33
3/25/2009,2009,3,25,15,HN,2,mineral,0,7.22,33
5/16/2007,2007,5,16,5,H,5,organic,0,7.25,27
4/27/2009,2009,4,27,1,C,4,mineral,0,7.29,23
7/18/2006,2006,7,18,1,C,4,organic,-0.01,7.3,36
5/16/2007,2007,5,16,13,H,1,mineral,0,7.31,27
5/29/2008,2008,5,29,4,HN,3,mineral,0,7.32,25
3/25/2009,2009,3,25,17,HN,4,mineral,0,7.34,33
8/25/2008,2008,8,25,15,HN,2,mineral,0,7.35,31
7/24/2008,2008,7,24,23,N,6,mineral,0,7.39,32
7/11/2007,2007,7,11,1,C,4,mineral,0,7.43,35
4/22/2008,2008,4,22,24,C,1,mineral,0,7.43,37
10/10/2007,2007,10,10,10,HN,1,organic,0,7.54,23
9/25/2008,2008,9,25,13,H,1,organic,0,7.55,18
6/12/2007,2007,6,12,6,N,1,organic,0,7.56,29
9/25/2008,2008,9,25,3,HN,6,mineral,0,7.64,18
6/12/2007,2007,6,12,19,C,5,mineral,0,7.65,29
7/24/2008,2008,7,24,11,N,4,mineral,0,7.65,32
4/22/2008,2008,4,22,14,C,3,mineral,0,7.7,37
11/2/2007,2007,11,2,22,H,6,organic,-0.75,7.77,40
10/13/2008,2008,10,13,4,HN,3,mineral,0,7.86,63
6/23/2008,2008,6,23,17,HN,4,mineral,0,8.03,31
9/25/2008,2008,9,25,17,HN,4,organic,0,8.06,18
2/23/2009,2009,2,23,6,N,1,organic,0,8.12,30
3/25/2009,2009,3,25,9,N,5,mineral,0,8.17,33
8/25/2008,2008,8,25,4,HN,3,mineral,0,8.22,31
8/23/2006,2006,8,23,21,N,3,mineral,1.08,8.29,42
2/28/2008,2008,2,28,16,N,2,organic,3.2,8.32,29
4/27/2009,2009,4,27,3,HN,6,mineral,0,8.34,23
9/10/2007,2007,9,10,19,C,5,mineral,2.98,8.37,30
8/15/2007,2007,8,15,19,C,5,mineral,0,8.45,26
4/22/2008,2008,4,22,1,C,4,organic,0,8.53,37
11/2/2007,2007,11,2,17,HN,4,organic,-0.84,8.61,40
4/22/2008,2008,4,22,20,C,6,organic,0,8.61,37
5/29/2008,2008,5,29,20,C,6,mineral,0,8.63,25
9/25/2008,2008,9,25,5,H,5,mineral,0,8.64,18
10/13/2008,2008,10,13,16,N,2,mineral,0,8.64,63
4/27/2009,2009,4,27,9,N,5,mineral,0,8.64,23
8/23/2006,2006,8,23,19,C,5,mineral,0,8.71,42
5/29/2008,2008,5,29,20,C,6,mineral,0,8.74,25
8/23/2006,2006,8,23,24,C,1,organic,0,8.76,42
4/22/2008,2008,4,22,21,N,3,organic,0,8.76,37
8/25/2008,2008,8,25,10,HN,1,mineral,0,8.79,31
4/27/2009,2009,4,27,8,H,2,mineral,0,8.8,23
6/12/2007,2007,6,12,11,N,4,mineral,0,8.81,29
4/22/2008,2008,4,22,6,N,1,mineral,0,8.97,37
10/4/2006,2006,10,4,11,N,4,organic,0,8.98,33
9/25/2008,2008,9,25,5,H,5,organic,0,8.98,18
6/12/2007,2007,6,12,1,C,4,mineral,0,8.99,29
7/18/2006,2006,7,18,15,HN,2,organic,0,9.03,36
10/10/2007,2007,10,10,2,H,3,mineral,0,9.04,23
4/22/2008,2008,4,22,16,N,2,mineral,0,9.04,37
6/14/2006,2006,6,14,10,HN,1,organic,1.68,9.05,34
10/4/2006,2006,10,4,10,HN,1,organic,0,9.06,33
6/12/2007,2007,6,12,4,HN,3,mineral,0,9.1,29
8/25/2008,2008,8,25,23,N,6,NA,0,9.1,31
10/10/2007,2007,10,10,22,H,6,mineral,0,9.2,23
9/10/2007,2007,9,10,11,N,4,mineral,0.43,9.23,30
6/12/2007,2007,6,12,24,C,1,mineral,0,9.29,29
7/24/2008,2008,7,24,3,HN,6,organic,0,9.4,32
5/29/2008,2008,5,29,22,H,6,mineral,0,9.44,25
8/25/2008,2008,8,25,5,H,5,mineral,0,9.49,31
10/13/2008,2008,10,13,22,H,6,mineral,0,9.49,63
4/22/2008,2008,4,22,3,HN,6,mineral,0,9.5,37
9/10/2007,2007,9,10,21,N,3,mineral,5.72,9.56,30
7/24/2008,2008,7,24,1,C,4,mineral,0,9.58,32
10/13/2008,2008,10,13,24,C,1,mineral,0,9.58,63
7/11/2007,2007,7,11,12,C,2,mineral,0,9.6,35
7/11/2007,2007,7,11,18,H,4,mineral,14.06,9.6,35
3/25/2009,2009,3,25,13,H,1,mineral,0,9.61,33
7/18/2006,2006,7,18,18,H,4,mineral,0.79,9.66,36
10/13/2008,2008,10,13,10,HN,1,mineral,0,9.76,63
7/11/2007,2007,7,11,14,C,3,mineral,0,9.84,35
11/2/2007,2007,11,2,7,HN,5,organic,-0.03,9.87,40
6/23/2008,2008,6,23,20,C,6,mineral,0,9.91,31
10/10/2007,2007,10,10,1,C,4,organic,0,9.93,23
12/12/2007,2007,12,12,1,C,4,organic,0,9.96,35
9/25/2008,2008,9,25,15,HN,2,organic,0,9.97,18
1/16/2008,2008,1,16,15,HN,2,mineral,0,10.01,43
10/13/2008,2008,10,13,20,C,6,organic,0,10.02,63
9/25/2008,2008,9,25,10,HN,1,mineral,0,10.03,18
10/13/2008,2008,10,13,8,H,2,organic,0,10.03,63
8/25/2008,2008,8,25,11,N,4,NA,0,10.05,31
11/2/2007,2007,11,2,20,C,6,organic,0.52,10.09,40
3/25/2009,2009,3,25,18,H,4,organic,0,10.17,33
6/23/2008,2008,6,23,15,HN,2,organic,0,10.18,31
8/15/2007,2007,8,15,5,H,5,mineral,0,10.19,26
6/12/2007,2007,6,12,21,N,3,mineral,0,10.27,29
10/10/2007,2007,10,10,4,HN,3,mineral,0,10.32,23
10/13/2008,2008,10,13,13,H,1,mineral,0,10.36,63
6/12/2007,2007,6,12,5,H,5,mineral,0,10.37,29
6/23/2008,2008,6,23,9,N,5,mineral,0,10.43,31
4/27/2009,2009,4,27,14,C,3,organic,1.83,10.46,23
6/12/2007,2007,6,12,9,N,5,mineral,0,10.47,29
5/29/2008,2008,5,29,8,H,2,mineral,0,10.47,25
3/25/2009,2009,3,25,7,HN,5,organic,0,10.47,33
5/29/2008,2008,5,29,3,HN,6,mineral,0,10.48,25
6/12/2007,2007,6,12,6,N,1,mineral,0,10.54,29
3/25/2009,2009,3,25,9,N,5,organic,0,10.58,33
3/28/2008,2008,3,28,11,N,4,organic,0,10.62,25
4/27/2009,2009,4,27,2,H,3,organic,0,10.63,23
10/4/2006,2006,10,4,13,H,1,organic,0,10.64,33
8/15/2007,2007,8,15,9,N,5,mineral,0.82,10.64,26
3/25/2009,2009,3,25,12,C,2,organic,0,10.65,33
10/13/2008,2008,10,13,3,HN,6,mineral,0,10.76,63
4/22/2008,2008,4,22,2,H,3,mineral,0,10.85,37
3/25/2009,2009,3,25,19,C,5,organic,0,10.85,33
4/27/2009,2009,4,27,17,HN,4,mineral,0,10.85,23
6/23/2008,2008,6,23,1,C,4,mineral,0,10.88,31
6/23/2008,2008,6,23,18,H,4,mineral,0,10.9,31
4/27/2009,2009,4,27,21,N,3,mineral,0,10.96,23
8/23/2006,2006,8,23,6,N,1,organic,0,11,42
8/15/2007,2007,8,15,21,N,3,mineral,0,11.01,26
5/16/2007,2007,5,16,20,C,6,organic,0,11.02,27
10/4/2006,2006,10,4,19,C,5,mineral,0,11.05,33
9/25/2008,2008,9,25,7,HN,5,organic,0,11.08,18
2/23/2009,2009,2,23,20,C,6,organic,0,11.13,30
3/28/2008,2008,3,28,16,N,2,organic,0,11.17,25
10/10/2007,2007,10,10,16,N,2,organic,0,11.18,23
12/12/2007,2007,12,12,10,HN,1,organic,0,11.2,35
8/23/2006,2006,8,23,18,H,4,mineral,0,11.28,42
5/16/2007,2007,5,16,19,C,5,organic,0,11.31,27
4/22/2008,2008,4,22,5,H,5,mineral,0,11.32,37
10/4/2006,2006,10,4,17,HN,4,organic,0,11.33,33
1/16/2008,2008,1,16,23,N,6,mineral,0,11.36,43
8/25/2008,2008,8,25,16,N,2,NA,0,11.42,31
10/10/2007,2007,10,10,13,H,1,mineral,0,11.44,23
6/23/2008,2008,6,23,1,C,4,organic,0,11.49,31
6/23/2008,2008,6,23,7,HN,5,mineral,0,11.59,31
10/13/2008,2008,10,13,11,N,4,organic,0,11.6,63
6/23/2008,2008,6,23,22,H,6,organic,1.61,11.73,31
4/27/2009,2009,4,27,5,H,5,mineral,0,11.77,23
11/2/2007,2007,11,2,6,N,1,organic,2.46,11.88,40
7/24/2008,2008,7,24,14,C,3,mineral,0,11.95,32
6/12/2007,2007,6,12,22,H,6,organic,0,11.98,29
1/16/2008,2008,1,16,11,N,4,mineral,0,12.03,43
10/10/2007,2007,10,10,11,N,4,mineral,4.93,12.07,23
8/15/2007,2007,8,15,14,C,3,mineral,0,12.1,26
10/10/2007,2007,10,10,3,HN,6,organic,0,12.13,23
10/4/2006,2006,10,4,21,N,3,mineral,0,12.22,33
5/16/2007,2007,5,16,10,HN,1,organic,0,12.22,27
4/27/2009,2009,4,27,10,HN,1,mineral,0,12.24,23
7/24/2008,2008,7,24,3,HN,6,mineral,0,12.25,32
10/4/2006,2006,10,4,22,H,6,mineral,0,12.32,33
6/23/2008,2008,6,23,15,HN,2,mineral,0,12.34,31
7/24/2008,2008,7,24,7,HN,5,mineral,0,12.34,32
8/25/2008,2008,8,25,22,H,6,mineral,0,12.35,31
9/10/2007,2007,9,10,14,C,3,mineral,0,12.37,30
6/12/2007,2007,6,12,10,HN,1,mineral,0,12.38,29
4/27/2009,2009,4,27,24,C,1,organic,0,12.46,23
1/16/2008,2008,1,16,19,C,5,mineral,0,12.47,43
11/2/2007,2007,11,2,5,H,5,organic,-0.08,12.5,40
4/27/2009,2009,4,27,23,N,6,organic,1.44,12.51,23
4/22/2008,2008,4,22,4,HN,3,mineral,0,12.52,37
7/24/2008,2008,7,24,18,H,4,mineral,6.29,12.55,32
8/23/2006,2006,8,23,7,HN,5,mineral,0,12.56,42
9/10/2007,2007,9,10,17,HN,4,organic,0,12.57,30
3/28/2008,2008,3,28,14,C,3,organic,0,12.62,25
6/14/2006,2006,6,14,14,C,3,organic,0,12.67,34
10/13/2008,2008,10,13,17,HN,4,mineral,0,12.67,63
10/10/2007,2007,10,10,13,H,1,organic,0,12.73,23
6/23/2008,2008,6,23,21,N,3,mineral,0,12.92,31
8/25/2008,2008,8,25,24,C,1,mineral,0,12.93,31
5/29/2008,2008,5,29,17,HN,4,mineral,0,12.97,25
9/25/2008,2008,9,25,24,C,1,organic,0,12.98,18
8/23/2006,2006,8,23,15,HN,2,mineral,5.25,13.02,42
9/10/2007,2007,9,10,12,C,2,mineral,5.79,13.03,30
5/29/2008,2008,5,29,24,C,1,mineral,0,13.05,25
7/18/2006,2006,7,18,16,N,2,mineral,8.54,13.2,36
11/2/2007,2007,11,2,18,H,4,organic,-1.39,13.2,40
10/4/2006,2006,10,4,15,HN,2,mineral,1.11,13.23,33
10/4/2006,2006,10,4,11,N,4,mineral,1.81,13.31,33
7/18/2006,2006,7,18,11,N,4,mineral,1.4,13.33,36
4/27/2009,2009,4,27,23,N,6,mineral,0.08,13.34,23
9/10/2007,2007,9,10,5,H,5,mineral,0,13.43,30
6/14/2006,2006,6,14,2,H,3,mineral,0,13.55,34
2/28/2008,2008,2,28,10,HN,1,organic,0,13.61,29
10/4/2006,2006,10,4,3,HN,6,mineral,0,13.65,33
5/16/2007,2007,5,16,9,N,5,mineral,0,13.73,27
6/12/2007,2007,6,12,15,HN,2,mineral,0,13.75,29
11/2/2007,2007,11,2,21,N,3,organic,0.37,13.76,40
12/12/2007,2007,12,12,7,HN,5,organic,0,13.81,35
5/29/2008,2008,5,29,12,C,2,organic,0,13.82,25
10/4/2006,2006,10,4,2,H,3,organic,0,13.84,33
5/29/2008,2008,5,29,5,H,5,mineral,0,13.86,25
4/27/2009,2009,4,27,6,N,1,mineral,0,13.91,23
4/27/2009,2009,4,27,20,C,6,mineral,0,13.93,23
7/11/2007,2007,7,11,15,HN,2,mineral,0,14,35
8/15/2007,2007,8,15,1,C,4,mineral,4.18,14.03,26
7/24/2008,2008,7,24,12,C,2,organic,0,14.03,32
4/27/2009,2009,4,27,4,HN,3,mineral,0,14.05,23
6/14/2006,2006,6,14,1,C,4,mineral,0,14.16,34
4/22/2008,2008,4,22,21,N,3,mineral,0,14.21,37
3/28/2008,2008,3,28,17,HN,4,mineral,0,14.22,25
11/2/2007,2007,11,2,10,HN,1,mineral,1.81,14.25,40
10/4/2006,2006,10,4,1,C,4,mineral,0,14.31,33
7/24/2008,2008,7,24,13,H,1,mineral,0,14.32,32
7/24/2008,2008,7,24,19,C,5,mineral,0,14.36,32
10/4/2006,2006,10,4,7,HN,5,mineral,0,14.39,33
10/4/2006,2006,10,4,23,N,6,mineral,0,14.4,33
9/10/2007,2007,9,10,23,N,6,mineral,0,14.42,30
1/16/2008,2008,1,16,7,HN,5,mineral,0,14.51,43
9/25/2008,2008,9,25,8,H,2,organic,0,14.63,18
9/10/2007,2007,9,10,10,HN,1,mineral,0,14.66,30
7/18/2006,2006,7,18,9,N,5,organic,0,14.71,36
1/16/2008,2008,1,16,8,H,2,mineral,0,14.71,43
10/10/2007,2007,10,10,7,HN,5,organic,0,14.74,23
9/10/2007,2007,9,10,18,H,4,mineral,0.55,14.78,30
9/25/2008,2008,9,25,1,C,4,mineral,0,14.9,18
7/18/2006,2006,7,18,9,N,5,mineral,0,14.91,36
9/10/2007,2007,9,10,22,H,6,mineral,0,14.91,30
8/23/2006,2006,8,23,23,N,6,organic,0,14.96,42
10/4/2006,2006,10,4,5,H,5,organic,0,14.96,33
4/22/2008,2008,4,22,17,HN,4,mineral,0,14.97,37
8/25/2008,2008,8,25,19,C,5,organic,0,14.98,31
6/23/2008,2008,6,23,22,H,6,mineral,0,15.01,31
4/27/2009,2009,4,27,24,C,1,mineral,0,15.08,23
7/24/2008,2008,7,24,22,H,6,mineral,0,15.13,32
4/27/2009,2009,4,27,3,HN,6,organic,1.6,15.15,23
4/22/2008,2008,4,22,8,H,2,mineral,0,15.16,37
5/29/2008,2008,5,29,19,C,5,organic,1.09,15.16,25
11/2/2007,2007,11,2,13,H,1,mineral,1.25,15.23,40
9/10/2007,2007,9,10,19,C,5,organic,0,15.37,30
6/12/2007,2007,6,12,17,HN,4,mineral,0,15.4,29
3/25/2009,2009,3,25,22,H,6,mineral,0,15.41,33
6/12/2007,2007,6,12,18,H,4,organic,4.87,15.46,29
3/25/2009,2009,3,25,22,H,6,organic,0,15.49,33
1/16/2008,2008,1,16,1,C,4,mineral,0,15.53,43
1/16/2008,2008,1,16,18,H,4,mineral,0,15.62,43
4/22/2008,2008,4,22,6,N,1,organic,0,15.69,37
6/23/2008,2008,6,23,23,N,6,mineral,0,15.73,31
10/13/2008,2008,10,13,18,H,4,mineral,0,15.74,63
1/16/2008,2008,1,16,9,N,5,mineral,0,15.82,43
8/23/2006,2006,8,23,1,C,4,mineral,0,15.83,42
4/27/2009,2009,4,27,13,H,1,mineral,0,15.83,23
11/2/2007,2007,11,2,10,HN,1,organic,-0.21,15.89,40
6/12/2007,2007,6,12,22,H,6,organic,0,15.96,29
10/10/2007,2007,10,10,6,N,1,organic,0,16.01,23
9/10/2007,2007,9,10,21,N,3,organic,0,16.17,30
5/29/2008,2008,5,29,9,N,5,mineral,0,16.19,25
7/24/2008,2008,7,24,24,C,1,mineral,0,16.31,32
3/25/2009,2009,3,25,21,N,3,organic,0,16.32,33
1/16/2008,2008,1,16,3,HN,6,mineral,0,16.33,43
7/24/2008,2008,7,24,8,H,2,mineral,0,16.37,32
5/16/2007,2007,5,16,3,HN,6,mineral,0,16.48,27
1/16/2008,2008,1,16,12,C,2,organic,0,16.5,43
10/10/2007,2007,10,10,18,H,4,organic,0,16.54,23
9/10/2007,2007,9,10,15,HN,2,mineral,0,16.65,30
4/27/2009,2009,4,27,5,H,5,organic,0.94,16.73,23
1/16/2008,2008,1,16,2,H,3,organic,0,16.8,43
6/12/2007,2007,6,12,23,N,6,mineral,0,16.82,29
10/10/2007,2007,10,10,5,H,5,mineral,0,16.86,23
1/16/2008,2008,1,16,21,N,3,mineral,0,16.87,43
7/11/2007,2007,7,11,16,N,2,mineral,0,16.88,35
1/16/2008,2008,1,16,2,H,3,mineral,0,16.94,43
5/16/2007,2007,5,16,11,N,4,mineral,0,16.97,27
5/29/2008,2008,5,29,13,H,1,mineral,0,16.99,25
9/10/2007,2007,9,10,7,HN,5,mineral,0.55,17,30
7/24/2008,2008,7,24,16,N,2,mineral,0,17.05,32
6/23/2008,2008,6,23,12,C,2,mineral,0,17.07,31
7/24/2008,2008,7,24,21,N,3,mineral,0,17.17,32
4/27/2009,2009,4,27,15,HN,2,mineral,0,17.21,23
5/16/2007,2007,5,16,6,N,1,mineral,0,17.24,27
8/25/2008,2008,8,25,17,HN,4,mineral,0,17.43,31
5/29/2008,2008,5,29,1,C,4,mineral,0,17.56,25
1/16/2008,2008,1,16,16,N,2,mineral,0,17.78,43
7/11/2007,2007,7,11,7,HN,5,mineral,0,17.89,35
7/24/2008,2008,7,24,4,HN,3,mineral,0,17.93,32
10/10/2007,2007,10,10,17,HN,4,mineral,0,17.99,23
7/24/2008,2008,7,24,20,C,6,organic,0,18.03,32
9/25/2008,2008,9,25,2,H,3,organic,0,18.11,18
5/29/2008,2008,5,29,2,H,3,mineral,0,18.25,25
5/16/2007,2007,5,16,12,C,2,organic,0,18.26,27
1/16/2008,2008,1,16,5,H,5,organic,0,18.33,43
7/24/2008,2008,7,24,2,H,3,organic,0,18.45,32
8/15/2007,2007,8,15,16,N,2,mineral,0,18.54,26
7/24/2008,2008,7,24,9,N,5,mineral,0,18.56,32
6/12/2007,2007,6,12,2,H,3,organic,2.39,18.63,29
6/12/2007,2007,6,12,20,C,6,mineral,0,18.68,29
6/12/2007,2007,6,12,8,H,2,mineral,0,18.7,29
6/23/2008,2008,6,23,24,C,1,mineral,0,18.75,31
10/13/2008,2008,10,13,23,N,6,organic,0,18.85,63
10/4/2006,2006,10,4,16,N,2,mineral,0,18.98,33
6/23/2008,2008,6,23,14,C,3,mineral,0,19.01,31
5/29/2008,2008,5,29,21,N,3,mineral,0,19.2,25
10/10/2007,2007,10,10,12,C,2,organic,0,19.28,23
6/14/2006,2006,6,14,6,N,1,mineral,0,19.39,34
10/4/2006,2006,10,4,4,HN,3,organic,0,19.39,33
10/4/2006,2006,10,4,17,HN,4,mineral,0,19.41,33
11/2/2007,2007,11,2,14,C,3,organic,-0.25,19.48,40
8/25/2008,2008,8,25,13,H,1,mineral,0,19.49,31
1/16/2008,2008,1,16,24,C,1,mineral,0,19.51,43
9/10/2007,2007,9,10,6,N,1,mineral,0,19.53,30
4/27/2009,2009,4,27,7,HN,5,mineral,0,19.64,23
5/16/2007,2007,5,16,22,H,6,mineral,0,19.68,27
6/23/2008,2008,6,23,16,N,2,mineral,0,19.68,31
8/25/2008,2008,8,25,8,H,2,organic,0,19.83,31
4/22/2008,2008,4,22,15,HN,2,mineral,0,19.85,37
7/18/2006,2006,7,18,11,N,4,organic,0,19.9,36
4/27/2009,2009,4,27,20,C,6,organic,1.53,19.99,23
6/14/2006,2006,6,14,20,C,6,mineral,0,20.04,34
6/23/2008,2008,6,23,19,C,5,mineral,0,20.04,31
10/4/2006,2006,10,4,13,H,1,mineral,0,20.08,33
10/13/2008,2008,10,13,15,HN,2,organic,0,20.08,63
1/16/2008,2008,1,16,7,HN,5,organic,0,20.23,43
10/4/2006,2006,10,4,3,HN,6,organic,0,20.26,33
3/25/2009,2009,3,25,1,C,4,organic,0,20.33,33
6/14/2006,2006,6,14,4,HN,3,mineral,0,20.44,34
6/12/2007,2007,6,12,12,C,2,mineral,0,20.49,29
9/10/2007,2007,9,10,13,H,1,mineral,0,20.58,30
5/29/2008,2008,5,29,1,C,4,organic,0,20.65,25
4/22/2008,2008,4,22,11,N,4,mineral,0,20.7,37
9/10/2007,2007,9,10,20,C,6,mineral,0,20.73,30
7/18/2006,2006,7,18,21,N,3,organic,0.68,20.79,36
6/12/2007,2007,6,12,10,HN,1,organic,0,20.99,29
8/25/2008,2008,8,25,6,N,1,organic,0,21.01,31
4/27/2009,2009,4,27,22,H,6,mineral,0,21.09,23
8/25/2008,2008,8,25,21,N,3,organic,0,21.2,31
4/22/2008,2008,4,22,16,N,2,organic,0,21.22,37
11/2/2007,2007,11,2,2,H,3,organic,0.42,21.23,40
6/12/2007,2007,6,12,7,HN,5,mineral,0,21.46,29
5/29/2008,2008,5,29,7,HN,5,mineral,0,21.57,25
4/22/2008,2008,4,22,10,HN,1,mineral,0,21.59,37
7/18/2006,2006,7,18,3,HN,6,mineral,6.81,21.61,36
10/13/2008,2008,10,13,5,H,5,organic,0,21.73,63
10/10/2007,2007,10,10,4,HN,3,organic,0,21.77,23
4/22/2008,2008,4,22,12,C,2,organic,0,21.8,37
7/11/2007,2007,7,11,20,C,6,mineral,0,21.83,35
3/25/2009,2009,3,25,15,HN,2,organic,0,21.84,33
6/23/2008,2008,6,23,4,HN,3,mineral,0,21.92,31
8/15/2007,2007,8,15,8,H,2,mineral,0,21.98,26
4/27/2009,2009,4,27,17,HN,4,organic,1.93,22.03,23
10/4/2006,2006,10,4,9,N,5,mineral,0,22.08,33
6/23/2008,2008,6,23,7,HN,5,organic,2.55,22.11,31
6/12/2007,2007,6,12,24,C,1,organic,0,22.29,29
5/16/2007,2007,5,16,13,H,1,organic,0,22.32,27
12/12/2007,2007,12,12,4,HN,3,organic,0,22.33,35
6/23/2008,2008,6,23,23,N,6,organic,3.25,22.33,31
4/27/2009,2009,4,27,9,N,5,organic,1.22,22.35,23
10/4/2006,2006,10,4,10,HN,1,mineral,0,22.36,33
8/25/2008,2008,8,25,3,HN,6,mineral,0,22.39,31
8/15/2007,2007,8,15,7,HN,5,mineral,1.44,22.4,26
10/13/2008,2008,10,13,1,C,4,organic,0,22.42,63
7/11/2007,2007,7,11,3,HN,6,mineral,0,22.59,35
7/11/2007,2007,7,11,10,HN,1,mineral,0,22.99,35
4/27/2009,2009,4,27,8,H,2,organic,1.34,23.09,23
5/29/2008,2008,5,29,14,C,3,organic,0,23.16,25
5/29/2008,2008,5,29,10,HN,1,mineral,0,23.18,25
3/25/2009,2009,3,25,17,HN,4,organic,0,23.25,33
6/23/2008,2008,6,23,5,H,5,mineral,0,23.37,31
6/12/2007,2007,6,12,3,HN,6,mineral,0,23.42,29
5/29/2008,2008,5,29,6,N,1,organic,0,23.44,25
1/16/2008,2008,1,16,13,H,1,mineral,0,23.48,43
7/11/2007,2007,7,11,4,HN,3,mineral,0,23.57,35
8/15/2007,2007,8,15,2,H,3,mineral,0,23.78,26
5/16/2007,2007,5,16,3,HN,6,organic,0,23.79,27
9/25/2008,2008,9,25,20,C,6,organic,0,23.8,18
10/13/2008,2008,10,13,3,HN,6,organic,0,23.91,63
8/23/2006,2006,8,23,21,N,3,organic,0,24.01,42
4/22/2008,2008,4,22,7,HN,5,mineral,0,24.08,37
6/12/2007,2007,6,12,4,HN,3,organic,2.46,24.1,29
10/4/2006,2006,10,4,4,HN,3,mineral,0,24.13,33
3/25/2009,2009,3,25,10,HN,1,organic,0,24.14,33
7/11/2007,2007,7,11,23,N,6,mineral,0,24.17,35
9/10/2007,2007,9,10,22,H,6,organic,0,24.49,30
7/18/2006,2006,7,18,22,H,6,mineral,0,24.57,36
6/12/2007,2007,6,12,14,C,3,organic,4.92,24.6,29
1/16/2008,2008,1,16,20,C,6,organic,0,24.64,43
6/23/2008,2008,6,23,20,C,6,organic,2.18,24.79,31
11/2/2007,2007,11,2,11,N,4,organic,-0.68,24.87,40
4/27/2009,2009,4,27,13,H,1,organic,0,24.89,23
6/14/2006,2006,6,14,5,H,5,organic,0,25.08,34
7/11/2007,2007,7,11,11,N,4,mineral,0,25.13,35
10/13/2008,2008,10,13,9,N,5,organic,0,25.15,63
3/25/2009,2009,3,25,13,H,1,organic,0,25.24,33
9/10/2007,2007,9,10,4,HN,3,mineral,0,25.26,30
8/23/2006,2006,8,23,16,N,2,mineral,1.45,25.3,42
1/16/2008,2008,1,16,22,H,6,mineral,0,25.32,43
6/23/2008,2008,6,23,6,N,1,mineral,3.32,25.36,31
6/14/2006,2006,6,14,23,N,6,mineral,0,25.37,34
8/23/2006,2006,8,23,10,HN,1,mineral,0,25.41,42
9/10/2007,2007,9,10,23,N,6,organic,0,25.45,30
7/18/2006,2006,7,18,12,C,2,mineral,0,25.68,36
8/15/2007,2007,8,15,6,N,1,mineral,0,25.7,26
6/14/2006,2006,6,14,17,HN,4,mineral,3.4,25.85,34
9/25/2008,2008,9,25,18,H,4,organic,0,25.88,18
3/25/2009,2009,3,25,24,C,1,organic,0,26.05,33
3/25/2009,2009,3,25,4,HN,3,organic,0,26.07,33
7/24/2008,2008,7,24,23,N,6,organic,0,26.16,32
4/22/2008,2008,4,22,13,H,1,mineral,0,26.18,37
6/23/2008,2008,6,23,9,N,5,organic,3.43,26.25,31
7/24/2008,2008,7,24,22,H,6,organic,0,26.34,32
4/22/2008,2008,4,22,14,C,3,organic,0,26.5,37
8/15/2007,2007,8,15,13,H,1,mineral,0,26.57,26
4/27/2009,2009,4,27,22,H,6,organic,1.51,26.67,23
8/15/2007,2007,8,15,23,N,6,mineral,0,26.73,26
5/16/2007,2007,5,16,18,H,4,organic,5.93,26.74,27
7/11/2007,2007,7,11,2,H,3,mineral,0,26.84,35
8/25/2008,2008,8,25,14,C,3,mineral,0,26.92,31
8/25/2008,2008,8,25,2,H,3,organic,0,26.93,31
5/29/2008,2008,5,29,4,HN,3,organic,0,27.21,25
6/14/2006,2006,6,14,5,H,5,mineral,0,27.29,34
8/25/2008,2008,8,25,7,HN,5,organic,0,27.41,31
1/16/2008,2008,1,16,15,HN,2,organic,0,27.49,43
6/23/2008,2008,6,23,11,N,4,mineral,0,27.56,31
12/12/2007,2007,12,12,2,H,3,organic,0,27.77,35
7/18/2006,2006,7,18,12,C,2,organic,0,27.97,36
8/25/2008,2008,8,25,5,H,5,organic,0,27.99,31
8/15/2007,2007,8,15,17,HN,4,mineral,0,28.02,26
3/25/2009,2009,3,25,14,C,3,organic,0,28.03,33
3/25/2009,2009,3,25,8,H,2,organic,0,28.16,33
6/14/2006,2006,6,14,3,HN,6,mineral,1.09,28.17,34
6/23/2008,2008,6,23,10,HN,1,mineral,0,28.17,31
8/25/2008,2008,8,25,24,C,1,organic,0,28.17,31
8/23/2006,2006,8,23,22,H,6,mineral,1.23,28.19,42
8/23/2006,2006,8,23,2,H,3,mineral,0,28.33,42
5/16/2007,2007,5,16,7,HN,5,organic,0,28.42,27
10/13/2008,2008,10,13,4,HN,3,organic,0,28.54,63
10/10/2007,2007,10,10,15,HN,2,organic,0.46,28.62,23
8/25/2008,2008,8,25,16,N,2,organic,0,28.67,31
8/23/2006,2006,8,23,13,H,1,mineral,0,28.93,42
6/14/2006,2006,6,14,7,HN,5,organic,0,28.94,34
4/27/2009,2009,4,27,21,N,3,organic,1.44,28.97,23
2/28/2008,2008,2,28,2,H,3,organic,3.16,29.06,29
7/24/2008,2008,7,24,11,N,4,organic,0,29.13,32
7/11/2007,2007,7,11,24,C,1,mineral,0,29.14,35
8/25/2008,2008,8,25,3,HN,6,organic,0,29.24,31
4/22/2008,2008,4,22,9,N,5,mineral,0,29.32,37
8/25/2008,2008,8,25,9,N,5,organic,0,29.5,31
6/23/2008,2008,6,23,17,HN,4,organic,0,29.7,31
4/22/2008,2008,4,22,3,HN,6,organic,0,29.91,37
1/16/2008,2008,1,16,17,HN,4,mineral,0,29.99,43
12/12/2007,2007,12,12,5,H,5,organic,0,30.04,35
7/24/2008,2008,7,24,6,N,1,mineral,0,30.09,32
3/25/2009,2009,3,25,5,H,5,organic,0,30.11,33
11/2/2007,2007,11,2,24,C,1,organic,1.39,30.27,40
6/23/2008,2008,6,23,3,HN,6,mineral,0,30.31,31
6/12/2007,2007,6,12,12,C,2,organic,0,30.51,29
1/16/2008,2008,1,16,16,N,2,organic,0,30.51,43
7/24/2008,2008,7,24,17,HN,4,mineral,0,30.57,32
5/16/2007,2007,5,16,17,HN,4,mineral,0,30.72,27
8/25/2008,2008,8,25,22,H,6,organic,0,30.86,31
7/24/2008,2008,7,24,6,N,1,organic,0,31.07,32
8/15/2007,2007,8,15,20,C,6,mineral,0,31.13,26
7/11/2007,2007,7,11,13,H,1,mineral,0,31.14,35
1/16/2008,2008,1,16,14,C,3,organic,0,31.44,43
1/16/2008,2008,1,16,9,N,5,organic,0,31.51,43
5/16/2007,2007,5,16,22,H,6,organic,0,31.52,27
5/29/2008,2008,5,29,24,C,1,organic,0,31.75,25
10/10/2007,2007,10,10,2,H,3,organic,0,31.87,23
7/18/2006,2006,7,18,23,N,6,mineral,0,31.88,36
3/25/2009,2009,3,25,11,N,4,organic,0,31.98,33
11/2/2007,2007,11,2,23,N,6,organic,-0.27,31.99,40
5/29/2008,2008,5,29,3,HN,6,organic,1.05,32.22,25
5/16/2007,2007,5,16,7,HN,5,mineral,0,32.29,27
5/29/2008,2008,5,29,18,H,4,mineral,0,32.41,25
4/27/2009,2009,4,27,7,HN,5,organic,0,32.45,23
8/23/2006,2006,8,23,1,C,4,organic,0,32.58,42
8/15/2007,2007,8,15,4,HN,3,mineral,0,32.63,26
5/29/2008,2008,5,29,18,H,4,organic,0,32.63,25
8/23/2006,2006,8,23,4,HN,3,mineral,0,32.81,42
9/10/2007,2007,9,10,5,H,5,organic,0,33.01,30
8/25/2008,2008,8,25,14,C,3,organic,0,33.23,31
8/25/2008,2008,8,25,7,HN,5,mineral,0,33.4,31
9/10/2007,2007,9,10,1,C,4,organic,0,33.46,30
8/23/2006,2006,8,23,9,N,5,mineral,0,33.6,42
10/13/2008,2008,10,13,21,N,3,organic,0,33.6,63
8/23/2006,2006,8,23,16,N,2,organic,0,33.63,42
7/11/2007,2007,7,11,5,H,5,mineral,0,33.66,35
7/18/2006,2006,7,18,5,H,5,mineral,0,33.79,36
8/15/2007,2007,8,15,22,H,6,mineral,0,34,26
5/16/2007,2007,5,16,4,HN,3,organic,0,34.07,27
6/14/2006,2006,6,14,3,HN,6,organic,0,34.2,34
7/24/2008,2008,7,24,19,C,5,organic,0,34.55,32
5/16/2007,2007,5,16,19,C,5,mineral,0,34.59,27
10/13/2008,2008,10,13,2,H,3,organic,0,34.59,63
10/13/2008,2008,10,13,2,H,3,organic,0,34.59,63
8/15/2007,2007,8,15,21,N,3,organic,0,34.71,26
9/10/2007,2007,9,10,7,HN,5,organic,0,34.81,30
9/10/2007,2007,9,10,12,C,2,organic,0,34.84,30
5/29/2008,2008,5,29,5,H,5,organic,1.88,34.84,25
10/10/2007,2007,10,10,11,N,4,organic,0,34.95,23
7/11/2007,2007,7,11,17,HN,4,mineral,0,35.01,35
9/25/2008,2008,9,25,22,H,6,organic,0,35.07,18
10/13/2008,2008,10,13,2,H,3,organic,0,35.13,63
10/13/2008,2008,10,13,2,H,3,organic,0,35.13,63
1/16/2008,2008,1,16,3,HN,6,organic,0,35.15,43
7/11/2007,2007,7,11,22,H,6,mineral,0,35.34,35
7/11/2007,2007,7,11,6,N,1,mineral,0,35.57,35
4/27/2009,2009,4,27,15,HN,2,organic,1.76,35.81,23
4/22/2008,2008,4,22,15,HN,2,organic,0,35.96,37
6/14/2006,2006,6,14,22,H,6,organic,0,36.06,34
8/23/2006,2006,8,23,19,C,5,organic,0,36.07,42
9/25/2008,2008,9,25,10,HN,1,organic,0,36.07,18
6/23/2008,2008,6,23,19,C,5,organic,1.45,36.25,31
9/10/2007,2007,9,10,3,HN,6,mineral,0,36.31,30
7/24/2008,2008,7,24,7,HN,5,organic,0,36.57,32
10/4/2006,2006,10,4,7,HN,5,organic,0,36.79,33
7/11/2007,2007,7,11,9,N,5,mineral,0,37.64,35
6/23/2008,2008,6,23,12,C,2,organic,0,38.05,31
10/10/2007,2007,10,10,8,H,2,organic,0,38.1,23
8/25/2008,2008,8,25,20,C,6,organic,0,38.15,31
10/10/2007,2007,10,10,14,C,3,organic,0,38.28,23
5/29/2008,2008,5,29,8,H,2,organic,0,38.37,25
4/22/2008,2008,4,22,8,H,2,organic,0,38.55,37
8/15/2007,2007,8,15,18,H,4,mineral,7.74,38.61,26
7/18/2006,2006,7,18,23,N,6,organic,0,38.82,36
4/22/2008,2008,4,22,9,N,5,organic,0,38.9,37
6/14/2006,2006,6,14,22,H,6,mineral,0,38.95,34
8/23/2006,2006,8,23,17,HN,4,organic,0,39.43,42
8/25/2008,2008,8,25,4,HN,3,organic,0,39.72,31
1/16/2008,2008,1,16,1,C,4,organic,0,39.87,43
4/22/2008,2008,4,22,4,HN,3,organic,0,40.01,37
1/16/2008,2008,1,16,10,HN,1,mineral,0,40.11,43
7/18/2006,2006,7,18,20,C,6,organic,0,40.19,36
9/10/2007,2007,9,10,6,N,1,organic,0,40.26,30
1/16/2008,2008,1,16,11,N,4,organic,0,40.39,43
7/24/2008,2008,7,24,1,C,4,organic,0,40.39,32
4/22/2008,2008,4,22,24,C,1,organic,0,40.63,37
8/15/2007,2007,8,15,12,C,2,organic,1.76,40.69,26
4/22/2008,2008,4,22,7,HN,5,organic,0,40.91,37
7/18/2006,2006,7,18,4,HN,3,mineral,0,41.02,36
8/15/2007,2007,8,15,5,H,5,organic,0,41.16,26
7/18/2006,2006,7,18,19,C,5,organic,0,41.17,36
5/29/2008,2008,5,29,9,N,5,organic,1.97,41.72,25
6/12/2007,2007,6,12,15,HN,2,organic,0,41.87,29
4/22/2008,2008,4,22,2,H,3,organic,0,42.02,37
7/24/2008,2008,7,24,9,N,5,organic,0,42.57,32
10/10/2007,2007,10,10,19,C,5,organic,0,42.74,23
7/24/2008,2008,7,24,10,HN,1,mineral,0,43.33,32
7/18/2006,2006,7,18,24,C,1,mineral,0,43.42,36
8/23/2006,2006,8,23,3,HN,6,mineral,2.38,43.45,42
9/10/2007,2007,9,10,15,HN,2,organic,0,43.7,30
8/25/2008,2008,8,25,17,HN,4,organic,0,43.76,31
7/18/2006,2006,7,18,20,C,6,mineral,0,43.88,36
1/16/2008,2008,1,16,21,N,3,organic,0,44.16,43
4/22/2008,2008,4,22,11,N,4,organic,0,44.31,37
9/10/2007,2007,9,10,11,N,4,organic,-1,44.47,30
8/15/2007,2007,8,15,10,HN,1,mineral,0,44.85,26
10/13/2008,2008,10,13,17,HN,4,organic,0,45.11,63
9/10/2007,2007,9,10,24,C,1,organic,0,45.25,30
7/24/2008,2008,7,24,14,C,3,organic,0,45.31,32
6/14/2006,2006,6,14,19,C,5,mineral,0,45.32,34
6/12/2007,2007,6,12,16,N,2,organic,1.63,45.37,29
6/14/2006,2006,6,14,8,H,2,mineral,0,45.48,34
8/23/2006,2006,8,23,12,C,2,mineral,0,45.49,42
3/25/2009,2009,3,25,24,C,1,organic,0,46.09,33
6/12/2007,2007,6,12,23,N,6,organic,0,46.27,29
6/14/2006,2006,6,14,7,HN,5,mineral,0,46.44,34
10/10/2007,2007,10,10,17,HN,4,organic,0,46.6,23
7/18/2006,2006,7,18,19,C,5,mineral,0,46.75,36
8/23/2006,2006,8,23,10,HN,1,organic,0,46.9,42
5/29/2008,2008,5,29,11,N,4,organic,0,47.46,25
10/13/2008,2008,10,13,24,C,1,organic,0,47.7,63
5/29/2008,2008,5,29,17,HN,4,organic,0,47.84,25
6/23/2008,2008,6,23,4,HN,3,organic,0,47.88,31
10/13/2008,2008,10,13,13,H,1,organic,0,47.95,63
11/2/2007,2007,11,2,8,H,2,organic,1.61,48.34,40
7/24/2008,2008,7,24,8,H,2,organic,0,48.89,32
1/16/2008,2008,1,16,18,H,4,organic,0,49.08,43
6/14/2006,2006,6,14,6,N,1,organic,0,49.49,34
7/11/2007,2007,7,11,21,N,3,mineral,0,49.71,35
4/27/2009,2009,4,27,4,HN,3,organic,1.53,50.01,23
6/14/2006,2006,6,14,16,N,2,mineral,0,50.17,34
4/22/2008,2008,4,22,5,H,5,organic,0,50.25,37
10/4/2006,2006,10,4,22,H,6,organic,0,50.58,33
10/4/2006,2006,10,4,15,HN,2,organic,0.93,50.75,33
7/11/2007,2007,7,11,6,N,1,organic,0,50.88,35
7/11/2007,2007,7,11,8,H,2,mineral,0,51.16,35
6/23/2008,2008,6,23,13,H,1,mineral,0,51.88,31
6/23/2008,2008,6,23,24,C,1,organic,0,52.32,31
5/29/2008,2008,5,29,2,H,3,organic,0,53.05,25
7/18/2006,2006,7,18,2,H,3,mineral,0,53.11,36
6/12/2007,2007,6,12,9,N,5,organic,0,53.21,29
1/16/2008,2008,1,16,8,H,2,organic,0,53.38,43
10/10/2007,2007,10,10,24,C,1,organic,0,53.4,23
6/23/2008,2008,6,23,14,C,3,organic,0,53.57,31
10/4/2006,2006,10,4,5,H,5,mineral,0,54.11,33
7/18/2006,2006,7,18,13,H,1,mineral,0,54.42,36
9/25/2008,2008,9,25,3,HN,6,organic,0,54.5,18
10/13/2008,2008,10,13,6,N,1,organic,0,54.51,63
8/15/2007,2007,8,15,23,N,6,organic,0,54.85,26
6/12/2007,2007,6,12,8,H,2,organic,0,54.99,29
9/10/2007,2007,9,10,18,H,4,organic,0,55.11,30
8/15/2007,2007,8,15,19,C,5,organic,0,55.91,26
6/23/2008,2008,6,23,6,N,1,organic,0,55.97,31
10/10/2007,2007,10,10,5,H,5,organic,0,56.26,23
5/16/2007,2007,5,16,14,C,3,organic,0,57.08,27
10/13/2008,2008,10,13,16,N,2,organic,0,57.81,63
1/16/2008,2008,1,16,24,C,1,organic,0,57.95,43
7/11/2007,2007,7,11,22,H,6,organic,0,58.91,35
6/23/2008,2008,6,23,21,N,3,organic,0,58.94,31
6/12/2007,2007,6,12,7,HN,5,organic,0,59.18,29
6/14/2006,2006,6,14,13,H,1,organic,0,59.29,34
4/22/2008,2008,4,22,22,H,6,organic,0,59.81,37
5/29/2008,2008,5,29,22,H,6,organic,1.94,59.89,25
7/24/2008,2008,7,24,16,N,2,organic,0,60.19,32
4/22/2008,2008,4,22,10,HN,1,organic,0,60.4,37
8/23/2006,2006,8,23,5,H,5,mineral,0,61.12,42
6/14/2006,2006,6,14,1,C,4,organic,3.67,61.13,34
6/14/2006,2006,6,14,13,H,1,mineral,0,62.14,34
8/23/2006,2006,8,23,4,HN,3,organic,0,62.24,42
8/23/2006,2006,8,23,8,H,2,mineral,0,62.34,42
9/10/2007,2007,9,10,20,C,6,organic,0,62.53,30
7/18/2006,2006,7,18,6,N,1,mineral,0,64.27,36
7/18/2006,2006,7,18,10,HN,1,mineral,0,64.65,36
5/29/2008,2008,5,29,7,HN,5,organic,1.54,64.95,25
10/13/2008,2008,10,13,10,HN,1,organic,0,65.36,63
6/14/2006,2006,6,14,19,C,5,organic,0,66.31,34
7/18/2006,2006,7,18,8,H,2,mineral,0,66.56,36
1/16/2008,2008,1,16,10,HN,1,organic,0,67.84,43
10/10/2007,2007,10,10,22,H,6,organic,0,67.97,23
8/15/2007,2007,8,15,24,C,1,organic,0,68.74,26
6/14/2006,2006,6,14,9,N,5,mineral,0,68.77,34
7/11/2007,2007,7,11,10,HN,1,organic,0,69.22,35
7/18/2006,2006,7,18,5,H,5,organic,0,70.08,36
7/11/2007,2007,7,11,2,H,3,organic,0,70.15,35
10/13/2008,2008,10,13,7,HN,5,organic,0,70.28,63
6/23/2008,2008,6,23,8,H,2,mineral,0,70.48,31
7/18/2006,2006,7,18,14,C,3,mineral,0,71.15,36
8/23/2006,2006,8,23,24,C,1,mineral,0,72.41,42
6/14/2006,2006,6,14,23,N,6,organic,0,76.71,34
4/22/2008,2008,4,22,17,HN,4,organic,0,77.02,37
8/23/2006,2006,8,23,9,N,5,organic,0,77.6,42
6/14/2006,2006,6,14,17,HN,4,organic,0,77.68,34
6/23/2008,2008,6,23,8,H,2,organic,0,77.76,31
7/18/2006,2006,7,18,10,HN,1,organic,0,78.53,36
6/14/2006,2006,6,14,11,N,4,mineral,0,78.77,34
8/23/2006,2006,8,23,17,HN,4,mineral,0,80.55,42
7/18/2006,2006,7,18,22,H,6,organic,0,80.58,36
8/15/2007,2007,8,15,15,HN,2,mineral,0,80.61,26
1/16/2008,2008,1,16,13,H,1,organic,0,81.31,43
6/14/2006,2006,6,14,20,C,6,organic,0,83.17,34
7/18/2006,2006,7,18,6,N,1,organic,0,83.9,36
7/11/2007,2007,7,11,14,C,3,organic,0,84.04,35
7/11/2007,2007,7,11,12,C,2,organic,1.65,84.43,35
7/11/2007,2007,7,11,18,H,4,organic,0,85.37,35
8/23/2006,2006,8,23,6,N,1,mineral,0,85.67,42
7/11/2007,2007,7,11,24,C,1,organic,0,87.14,35
7/11/2007,2007,7,11,9,N,5,organic,0,87.42,35
7/18/2006,2006,7,18,24,C,1,organic,0,87.64,36
6/12/2007,2007,6,12,13,H,1,organic,0,88,29
8/23/2006,2006,8,23,14,C,3,mineral,0,88.44,42
6/14/2006,2006,6,14,2,H,3,organic,0,89.03,34
7/18/2006,2006,7,18,4,HN,3,organic,0,91.43,36
4/22/2008,2008,4,22,13,H,1,organic,0,91.49,37
6/14/2006,2006,6,14,8,H,2,organic,0,91.56,34
7/18/2006,2006,7,18,16,N,2,organic,0.73,92.67,36
9/10/2007,2007,9,10,10,HN,1,organic,0,94.97,30
7/11/2007,2007,7,11,15,HN,2,organic,2.81,96.53,35
6/23/2008,2008,6,23,5,H,5,organic,2.7,100.74,31
8/25/2008,2008,8,25,10,HN,1,organic,0,101.73,31
6/12/2007,2007,6,12,5,H,5,organic,0,103.63,29
6/12/2007,2007,6,12,20,C,6,organic,0,104.9,29
7/18/2006,2006,7,18,7,HN,5,mineral,0,108.46,36
10/13/2008,2008,10,13,18,H,4,organic,0,110.22,63
7/11/2007,2007,7,11,16,N,2,organic,0,111,35
6/14/2006,2006,6,14,11,N,4,organic,0,111.7,34
6/12/2007,2007,6,12,19,C,5,organic,0,115.19,29
7/18/2006,2006,7,18,8,H,2,organic,0,116.25,36
7/24/2008,2008,7,24,21,N,3,organic,0,117.09,32
7/11/2007,2007,7,11,7,HN,5,organic,0,117.6,35
6/14/2006,2006,6,14,21,N,3,organic,0,122.63,34
7/24/2008,2008,7,24,24,C,1,organic,0,124.54,32
7/11/2007,2007,7,11,4,HN,3,organic,0,125.68,35
8/23/2006,2006,8,23,15,HN,2,organic,0,129.78,42
5/16/2007,2007,5,16,15,HN,2,organic,0,130.81,27
7/11/2007,2007,7,11,11,N,4,organic,0,132.03,35
5/29/2008,2008,5,29,10,HN,1,organic,0,133.98,25
5/29/2008,2008,5,29,10,HN,1,organic,0,134.22,25
8/15/2007,2007,8,15,11,N,4,organic,0,135.36,26
7/18/2006,2006,7,18,14,C,3,organic,0,136.23,36
6/23/2008,2008,6,23,3,HN,6,organic,1.41,136.41,31
7/11/2007,2007,7,11,13,H,1,organic,0,141.49,35
7/18/2006,2006,7,18,3,HN,6,organic,0,143.44,36
7/11/2007,2007,7,11,19,C,5,organic,0,143.7,35
8/15/2007,2007,8,15,9,N,5,organic,0,144.07,26
7/24/2008,2008,7,24,4,HN,3,organic,0,145.27,32
7/24/2008,2008,7,24,18,H,4,organic,0,154.42,32
7/11/2007,2007,7,11,23,N,6,organic,0,155.94,35
7/11/2007,2007,7,11,8,H,2,organic,0,156.46,35
7/18/2006,2006,7,18,13,H,1,organic,0,157.27,36
6/23/2008,2008,6,23,16,N,2,organic,0,165.2,31
6/14/2006,2006,6,14,16,N,2,organic,0,167.49,34
5/29/2008,2008,5,29,21,N,3,organic,0,167.99,25
7/11/2007,2007,7,11,5,H,5,organic,0,168.38,35
8/15/2007,2007,8,15,18,H,4,organic,3.94,169.41,26
6/23/2008,2008,6,23,13,H,1,organic,0,173.43,31
8/23/2006,2006,8,23,2,H,3,organic,0,175.38,42
8/15/2007,2007,8,15,3,HN,6,mineral,0,185.12,26
6/14/2006,2006,6,14,4,HN,3,organic,1.89,187.72,34
8/25/2008,2008,8,25,13,H,1,organic,0,195.16,31
8/23/2006,2006,8,23,8,H,2,organic,0,196.89,42
7/11/2007,2007,7,11,20,C,6,organic,0,197.88,35
8/15/2007,2007,8,15,6,N,1,organic,0,200.93,26
8/15/2007,2007,8,15,20,C,6,organic,0,206.25,26
7/18/2006,2006,7,18,2,H,3,organic,0,212.13,36
6/23/2008,2008,6,23,11,N,4,organic,0,212.44,31
8/23/2006,2006,8,23,13,H,1,organic,0,217.84,42
7/24/2008,2008,7,24,10,HN,1,organic,0,221.32,32
7/24/2008,2008,7,24,17,HN,4,organic,0,221.76,32
8/15/2007,2007,8,15,22,H,6,organic,0,229.61,26
6/23/2008,2008,6,23,10,HN,1,organic,0,232.59,31
8/15/2007,2007,8,15,17,HN,4,organic,0,252.72,26
7/24/2008,2008,7,24,13,H,1,organic,5.46,267.49,32
8/15/2007,2007,8,15,7,HN,5,organic,0,298.99,26
8/15/2007,2007,8,15,1,C,4,organic,0,303.31,26
8/15/2007,2007,8,15,10,HN,1,organic,0,419.13,26
6/14/2006,2006,6,14,18,H,4,organic,13.02,475.74,34
,,,,,,,,,,
,,,,,,,,,,
,,,,,,,,,,
,,,,,,,,,,
,,,,,,,,,,
,,,,,,,,,,
,,,,,,,,,,
,,,,,,,,,,
,,,,,,,,,,
,,,,,,,,,,
,,,,,,,,,,
